phase,device,dtype,batch,length,ms,tokens_per_s
prefill,cuda,fp16,1,16,4.96241,3224.24
prefill,cuda,fp16,1,64,4.82479,13264.8
prefill,cuda,fp16,1,256,5.88842,43475.1
prefill,cuda,fp16,1,512,12.0662,42432.6
prefill,cuda,fp16,1,1024,29.6714,34511.3
prefill_solo,cuda,fp16,1,128,4.81391,26589.6
prefill_packed,cuda,fp16,1,128,5.2403,24426.1
prefill_padded,cuda,fp16,1,128,4.85443,26367.7
prefill_solo,cuda,fp16,2,128,9.73771,26289.5
prefill_packed,cuda,fp16,2,128,6.23427,41063.3
prefill_padded,cuda,fp16,2,128,5.97751,42827.2
prefill_solo,cuda,fp16,4,128,21.2618,24080.7
prefill_packed,cuda,fp16,4,128,12.812,39962.5
prefill_padded,cuda,fp16,4,128,10.3262,49582.4
prefill_solo,cuda,fp16,8,128,39.538,25899.1
prefill_packed,cuda,fp16,8,128,30.8415,33202.1
prefill_padded,cuda,fp16,8,128,19.5867,52280.5
prefill_solo,cuda,fp16,16,128,79.6745,25704.6
prefill_packed,cuda,fp16,16,128,89.3169,22929.6
prefill_padded,cuda,fp16,16,128,39.1348,52331.9
decode,cuda,fp16,1,128,2.20854,452.789
decode,cuda,fp16,2,128,2.34203,853.96
decode,cuda,fp16,4,128,2.5267,1583.09
decode,cuda,fp16,8,128,2.83563,2821.24
decode,cuda,fp16,16,128,3.45688,4628.45
decode,cuda,fp16,32,128,4.88732,6547.55
decode,cuda,fp16,1,512,2.50938,398.504
decode,cuda,fp16,2,512,2.57653,776.237
decode,cuda,fp16,4,512,2.9175,1371.03
decode,cuda,fp16,8,512,3.5701,2240.83
decode,cuda,fp16,16,512,4.88584,3274.77
decode,cuda,fp16,32,512,7.84165,4080.77
decode,cuda,fp16,1,1023,2.63717,379.195
decode,cuda,fp16,2,1023,2.77081,721.81
decode,cuda,fp16,4,1023,3.26051,1226.8
decode,cuda,fp16,8,1023,4.28495,1867
decode,cuda,fp16,16,1023,6.37005,2511.75
decode,cuda,fp16,32,1023,10.6329,3009.53
